Use ClientesPrueba;

SELECT * FROM Clientes;

INSERT INTO Clientes 
       (Nombre, Telefono, Correo, Edad, MontoSolicitud, Estatus, Aprobacion, FechaAlta)
      VALUES
	   ('Alyssa   Macdonald  King', '477-1943', 'magnis.dis@yahoo.couk', 24, 74300.04, 0, 0,  '2021-12-04'),
	   ('Irene   Carey    Spears', '1-153-173-1315', 'donec.feugiat@protonmail.com', 18, 1213748.20, 0, 0,  '2022-09-16'),
       ('Hope          Best Charity', '1-810-927-0758', 'sed.neque@yahoo.edu', 45, 378121.58, 0, 0,  '2021-09-18'),
	   ('  Kirsten   Glover   Carrison', '488-7837', 'ipsum.ac.mi@google.edu', 39, 22430.14, 0, 0,  '2022-02-06'),
	   ('Cheyenne Norton       Mcdonald', '1-638-481-3863', 'nulla.eu@yahoo.ca', 28, 664419.39, 0, 0,  '2022-04-01'),
	   (' Kirk Nichols Douglas', '348-0176', 'donec@yahoo.edu', 25, 980000.50, 0, 0,  '2022-09-24'),
	   ('Blaze  Massey    Adams  ', '1-483-678-4909', 'sed@aol.edu', 56, 276899.83, 0, 0,  '2022-07-09'),
	   ('Raphael    Wright Allen', '942-4114', 'dolor.donec.fringilla@aol.couk', 83, 778564.00, 1, 1,  '2022-07-28'),
	   ('   Pamela   Hanson  Love', '1-760-505-0882', 'sed@yahoo.org', 60, 331876.00, 0, 0,  '2022-01-13'),
	   ('Lois  Byers                Parson', '1-773-637-7287', 'eu.eleifend.nec@yahoo.com', 37, 634567.20, 0, 0,  '2022-09-10');


SELECT *  FROM Ajuste  

INSERT INTO Ajuste
       (ClienteId, MontoTotal, Adeudo)
	   VALUES
	   (8, 912738.00, -134174.00),
	   (2, 0, 0),
	   (9, 0, 0),
	   (7, 0, 0),
	   (3, 0, 0),
	   (4, 0, 0),
	   (6, 0, 0),
	   (10, 0, 0),
	   (1, 0, 0),
	   (5, 0, 0);

SELECT * FROM Pagos;

INSERT INTO Pagos
           (ClienteId, MontoPagado, Aplicado, FechaPago)
       VALUES
	       (8, 898960.61, 1, '2021-10-11'),
		   (10, 498882.82, 1, '2021-08-14'),
		   (2, 631239.40, 1, '2022-12-26'),
		   (1, 43000.00, 1, '2021-10-18'),
		   (5, 88656.60, 0, '2021-09-06'),
		   (6, 254661.68, 1, '2022-06-14'),
		   (2, 50846.04, 1, '2022-07-20'),
		   (7, 67764.01, 1, '2022-09-16'),
		   (6, 669890.82, 1, '2022-10-03'),
		   (1, 2700.00, 1, '2022-10-27'),
		   (9, 331876.00, 1, '2022-01-24'),  
		   (8, 787879.68, 0, '2022-01-27'),
		   (8, 13777.71, 1, '2022-09-14'),
		   (4, 8372.77, 1, '2022-02-07'),
		   (1, 7298.00, 1, '2022-09-06'),
		   (4, 2572.31, 1, '2022-05-06'),
		   (10, 447671.39, 1, '2021-11-05'),
		   (6, 197670.40, 1, '2022-10-14'),
		   (10, 490376.34, 1, '2022-10-14'),
		   (2, 326830.23, 1, '2022-12-21'),
		   (3, 1713.89, 0, '2022-05-07'),
		   (1, 1000.04, 1, '2022-04-29'),
		   (3, 66661.37, 1, '2021-12-06'),
		   (2, 238787.18, 0, '2022-02-22'),
		   (5, 255220.05, 1, '2022-03-15'),
		   (3, 68767.62, 1, '2021-10-28'),
		   (7, 137308.50, 1, '2022-12-13'),
		   (1, 20000.00, 1, '2022-08-03'),
		   (2, 14578.38, 1, '2021-10-22'),
		   (6, 64488.01, 0, '2022-12-24'),
		   (4, 8264.72, 1, '2022-05-25'),
		   (3, 348887.74, 1, '2022-12-06'),
		   (2, 555687.92, 1, '2021-10-09'),
		   (6, 537766.32, 0, '2022-10-19'),
		   (10, 327769.86, 1, '2021-11-22'),
		   (2, 31543.76, 0, '2022-08-12'),
		   (2, 255678.57, 1, '2022-09-22'),
		   (5, 366888.15, 1, '2022-04-09');





